{
  "_meta": {
    "maxChars": {
      "welcome": "50"
    }
  },
  "en": {
    "welcome": "Welcome!",
    "test": "Test 123 123",
    "title": "Pengu\n<size=30>and the</size>\nUnlikely Encounters",
    "play": "PLAY",
    "credits": "CREDITS",
    "credits_desc": "Written by: David Dionisio\nMusic from: Kevin Macleod",
    "options": "OPTIONS",
    "sound": "SOUND",
    "music": "MUSIC",
    "speech": "SPEECH",
    "on": "ON",
    "off": "OFF",
    "close": "CLOSE",
    "submit": "SUBMIT",
    "victory": "VICTORY",
    "attack": "ATTACK",
    "defend": "DEFEND",
    "rounds": "ROUNDS",
    "complete": "COMPLETE",
    "revivePenalty": "REVIVE PENALTY",
    "total": "TOTAL",
    "level_1_intro_1": "A cliff impedes Pengu's journey.",
    "level_1_intro_2": "Help Pengu out by determining the distance of the gap using fractions!",
    "level_1_info_1": "In order to add these two fractions, you must make the denominators equal.",
    "level_1_info_2_a": "One way to do this is by multiplying the denominators together to make them equal.",
    "level_1_info_2_b": "Then multiply the numerators by the same amount from the denominator.",
    "level_1_info_2_c": "After that, you can add both fractions properly.",
    "level_1_info_3": "Now it’s your turn! Use the multiplier to make both denominators equal.",
    "level_1_info_4": "Notice how both fractions now have the same unit sizes? They can now be added properly.",
    "level_1_info_5": "Go ahead and type in the correct answer by pressing on either slot!",
    "success": "SUCCESS!",
    "card_drag_instruct": "Drag a card to an empty slot.",
    "level_2_intro_1": "Once again, an obstacle blocks Pengu's way. This time, an elephant seal!",
    "level_2_intro_2": "Hit the seal with enough fractions to move it out of the way!",
    "level_3_intro_1": "Watch out! A yeti is in the way!",
    "level_3_intro_2": "We must withstand the freezing wind to proceed!",
    "level_3_info_1": "In order to succeed, you must subtract the fractional attack until it reaches below zero.",
    "mixedNumber": "Mixed Number",
    "improperFraction": "Improper Fraction",
    "level_5_intro_1": "After an onerous battle, Pengu must catch a breath of fresh air.",
    "level_5_intro_2": "Help Pengu swim towards the land!",
    "level_5_info_1_a": "As you can see, there is a mixed number in this operation.",
    "level_5_info_1_b": "A mixed number is made up of a whole number, and a fraction.",
    "level_5_info_2_a": "To convert a mixed number to an improper fraction: multiply the whole number with the denominator of the fraction.",
    "level_5_info_2_b": "After that, add the result to the numerator.",
    "level_5_info_3_a": "You can drag the whole number towards the fraction, or vice-versa, to convert.",
    "level_5_info_3_b": "Use this technique to help you out with tricky operations!",
    "level_7_intro_1": "A boulder is blocking Pengu's path!",
    "level_7_intro_2": "It is time to unleash the most potent of Pengu's fractional powers!",
    "game_complete": "Congratulations! You have uncovered the treasure!",
    "game_complete_desc": "Thank you for playing!",
    "finish": "FINISH",
    "total_score": "TOTAL SCORE:",
    "new_game": "NEW GAME",
    "continue": "CONTINUE"
  },
  "es": {
    "welcome": "¡Bienvenido!",
    "test": "Prueba 123 123",
    "title": "Pengu\n<size=30>y el</size>\nEncuentros Improbables",
    "play": "JUGAR",
    "credits": "CRÉDITOS",
    "credits_desc": "Escrito por: David Dionisio\r\nMúsica de: Kevin Macleod",
    "options": "OPCIONES",
    "sound": "SONIDO",
    "music": "MÚSICA",
    "speech": "DISCURSO",
    "on": "PRENDIDO",
    "off": "APAGADO",
    "close": "CERCA",
    "submit": "ENVIAR",
    "victory": "VICTORIA",
    "attack": "ATAQUE",
    "defend": "DEFENDER",
    "rounds": "RONDAS",
    "complete": "COMPLETAR",
    "revivePenalty": "REVIVIR PENALIZACIÓN",
    "total": "TOTAL",
    "level_1_intro_1": "Un abismo impide el viaje de Pengu.",
    "level_1_intro_2": "¡Ayuda a Pengu a salir determinando la distancia de la brecha usando fracciones!",
    "level_1_info_1": "Para sumar estas dos fracciones, debes hacer iguales los denominadores.",
    "level_1_info_2_a": "Una forma de hacerlo es multiplicando los denominadores juntos para hacerlos iguales.",
    "level_1_info_2_b": "",
    "level_1_info_2_c": "Después de eso, puedes agregar ambas fracciones correctamente.",
    "level_1_info_3": "¡Ahora te toca a ti! Utilice el multiplicador para hacer que ambos denominadores sean iguales.",
    "level_1_info_4": "¿Observa cómo ambas fracciones tienen ahora los mismos tamaños de unidad? Ahora se pueden añadir correctamente.",
    "level_1_info_5": "Sigue adelante y escribe la respuesta correcta pulsando en cualquiera de las ranuras.",
    "success": "¡ÉXITO!",
    "card_drag_instruct": "Arrastra una tarjeta a una ranura vacía.",
    "level_2_intro_1": "Una vez más, un obstáculo bloquea el camino de Pengu. Esta vez, una foca elefante.",
    "level_2_intro_2": "¡Golpea el sello con suficientes fracciones para sacarlo del camino!",
    "level_3_intro_1": "¡Cuidado! ¡Un yeti se interviene en camino!",
    "level_3_intro_2": "¡Debemos soportar el viento helado para continuar!",
    "level_3_info_1": "Para tener éxito, debes restar el ataque fraccional hasta que llegue por debajo de cero.",
    "mixedNumber": "Número Mixto",
    "improperFraction": "Fracción Incorrecta",
    "level_5_intro_1": "Después de una onerosa batalla, Pengu debe respirar aire fresco.",
    "level_5_intro_2": "¡Ayuda a Pengu a nadar hacia la tierra!",
    "level_5_info_1_a": "Como puede ver, hay un número mixto en esta operación.",
    "level_5_info_1_b": "Un número mixto se compone de un número entero y una fracción.",
    "level_5_info_2_a": "Para convertir un número mixto en una fracción incorrecta: multiplique el número entero por el denominador de la fracción.",
    "level_5_info_2_b": "Después, suma el resultado al numerador.",
    "level_5_info_3_a": "Puede arrastrar el número entero hacia la fracción, o viceversa, para convertirlo.",
    "level_5_info_3_b": "¡Utiliza esta técnica para ayudarte con operaciones complicadas!",
    "level_7_intro_1": "¡Una roca está bloqueando el camino de Pengu!",
    "level_7_intro_2": "¡Es hora de desatar los poderes fraccionarios más potentes de Pengu!",
    "game_complete": "¡En hora buena! ¡Has descubierto el tesoro!",
    "game_complete_desc": "¡Gracias por jugar!",
    "finish": "ACABADO",
    "total_score": "PUNTOS TOTALES:",
    "new_game": "NUEVO JUEGO",
    "continue": "CONTINUAR"
  }
}